[
	{
		"title": "TO DO",
		"tasks": [
			{
				"complete": false,
				"title": "Perspecta historiae studiis",
				"description": "Loca invitat maior ferre amicitiae, neque profecta fictae ferae afflueret fugienda difficilem praesentibus, nacti quoniam exultat memoria.",
				"priority": "urgent",
				"duedate": "",
				"members": [
					{
			          "id": "uid_5",
			          "name": "Edward Fletcher",
			          "img": "../../../../global/portraits/5.jpg"
			        }
				],
				"subtasks": [
					{
						"title": "subtask 1",
						"complete": true
					},
					{
						"title": "subtask 2",
						"complete": false
					}
				],
				"attachments": [
					{
						"title": "attachment 1",
						"src":"../../../assets/examples/images/txt.png",
						"size": "500K"
					},
					{
						"title": "attachment 2",
						"src":"../../../../global/photos/object-1-240x160.jpg",
						"size": "2.04M"
					}
				],
				"comments": [
					{
						"user": "Caleb Richards",
						"src": "../../../../global/portraits/3.jpg",
						"time": "2 days ago",
						"content": "Brute existimant adhibuit effugiendorum artem potiendi sabinum dicat sequitur parabilis, asperner alliciat mutat tale labefactetur corpora, albuci amori velim summam didicisset dubium"
					},
					{
						"user": "Mary Adams",
						"src": "../../../../global/portraits/2.jpg",
						"time": "16 hours ago",
						"content": "Deduceret, stabilitas diligenter stultorum diesque dolemus consoletur aristippus specie exeamu"
					}
				]
			},
			{
				"complete": false,
				"title": "neque profecta fictae",
				"description": "liberiusque perdiscere iucunda intellegerem quosdam movet, maximo constituto saepti, mutat seditione indicaverunt quantum animis dedocendi simulent placatae vivendo.",
				"priority": "high",
				"duedate": "",
				"members": [
					{
			          "id": "uid_5",
			          "name": "Edward Fletcher",
			          "img": "../../../../global/portraits/5.jpg"
			        }, {
			          "id": "uid_3",
			          "name": "Caleb Richards",
			          "img": "../../../../global/portraits/3.jpg"
			        }
				],
				"subtasks": [
					{
						"title": "subtask 1",
						"complete": false
					},
					{
						"title": "subtask 2",
						"complete": false
					}
				],
				"attachments": [],
				"comments": [
					{
						"user": "Herman Beck",
						"src": "../../../../global/portraits/1.jpg",
						"time": "2 days ago",
						"content": "Quicquam alteram splendide romano discordiae cui."
					}
				]
			}
		]
	},
	{
		"title": "DOING",
		"tasks": [
			{
				"complete": false,
				"title": "Explicatis sic",
				"description": "Individua mediocriterne studiose posse corrumpit status locatus multoque fortibus essent, statuat irridente omittantur pugnare.",
				"priority": "normal",
				"duedate": "10/29/2016",
				"members": [
					{
			          "id": "uid_5",
			          "name": "Edward Fletcher",
			          "img": "../../../../global/portraits/5.jpg"
			        }, {
			          "id": "uid_4",
			          "name": "June Lane",
			          "img": "../../../../global/portraits/4.jpg"
			        }
				],
				"subtasks": [],
				"attachments": [],
				"comments": [
					{
						"user": "Herman Beck",
						"src": "../../../../global/portraits/1.jpg",
						"time": "2 days ago",
						"content": "Cum personae causas hae diligamus."
					}
				]
			},
			{
				"complete": false,
				"title": "Suas habent abducat",
				"description": " Tua statuerunt dediti fabulas suscipit dirigentur quadam utrumque meminerimus fuit",
				"priority": "high",
				"duedate": "",
				"members": [
					{
						"id": "uid_5",
			      		"name": "Edward Fletcher",
			      		"img": "../../../../global/portraits/5.jpg"
					},{
						"id": "uid_1",
						"name": "Herman Beck",
						"img": "../../../../global/portraits/1.jpg"
					}, {
			          "id": "uid_2",
			          "name": "Mary Adams",
			          "img": "../../../../global/portraits/2.jpg"
			        }
				],
				"subtasks": [],
				"attachments": [
					{
						"title": "attachment 1",
						"src":"../../../assets/examples/images/txt.png",
						"size": "500K"
					},
					{
						"title": "attachment 2",
						"src":"../../../../global/photos/object-1-240x160.jpg",
						"size": "2.04M"
					},
					{
						"title": "attachment 3",
						"src":"../../../../global/photos/focus-7-240x240.jpg",
						"size": "1.06M"
					}
				],
				"comments": []
			}
		]
	},
	{
		"title": "DONE",
		"tasks": [
			{
				"complete": true,
				"title": "Numquid molestum deditum",
				"description": "Sale animadversionis utilior quanti, carum magnos. Veritus perturbari assecutus solvantur. ",
				"priority": "normal",
				"duedate": "",
				"members": [
					{
						"id": "uid_6",
						"name": "Eleanor Greta",
						"img": "../../../../global/portraits/6.jpg"
					}
				],
				"subtasks": [],
				"attachments": [],
				"comments": []
			},
			{
				"complete": true,
				"title": "Vix doceat una",
				"description": "Facultas res concursio necessitatibus futuros gessisse recordamur intercapedo",
				"priority": "normal",
				"duedate": "",
				"members": [
					{
						"id": "uid_5",
						"name": "Edward Fletcher",
						"img": "../../../../global/portraits/5.jpg"
					}, {
						"id": "uid_4",
						"name": "June Lane",
						"img": "../../../../global/portraits/4.jpg"
					}
				],
				"subtasks": [
					{
						"title": "subtask 1",
						"complete": true
					},
					{
						"title": "subtask 2",
						"complete": true
					}
				],
				"attachments": [],
				"comments": [
					{
						"user": "Herman Beck",
						"src": "../../../../global/portraits/1.jpg",
						"time": "2 days ago",
						"content": "Contentus probo opera ab utilitatibus pulcherrimum scripserit"
					}
				]
			}
		]
	}
]
